{
  "VNE-GET-Home" : {
    "transaction" : "VNE-GET-Home",
    "sampleCount" : 2047,
    "errorCount" : 0,
    "errorPct" : 0.0,
    "meanResTime" : 227.78456277479216,
    "medianResTime" : 196.0,
    "minResTime" : 44.0,
    "maxResTime" : 1816.0,
    "pct1ResTime" : 362.20000000000005,
    "pct2ResTime" : 455.39999999999964,
    "pct3ResTime" : 647.9599999999991,
    "throughput" : 71.2446053181122,
    "receivedKBytesPerSec" : 2765.5493752066513,
    "sentKBytesPerSec" : 41.257862259414594
  },
  "VNE-GET-bongda" : {
    "transaction" : "VNE-GET-bongda",
    "sampleCount" : 2023,
    "errorCount" : 0,
    "errorPct" : 0.0,
    "meanResTime" : 96.45674740484439,
    "medianResTime" : 86.0,
    "minResTime" : 23.0,
    "maxResTime" : 417.0,
    "pct1ResTime" : 165.0,
    "pct2ResTime" : 199.0,
    "pct3ResTime" : 275.28,
    "throughput" : 74.88432352396816,
    "receivedKBytesPerSec" : 2544.908029971775,
    "sentKBytesPerSec" : 46.94896064686285
  },
  "Total" : {
    "transaction" : "Total",
    "sampleCount" : 5047,
    "errorCount" : 0,
    "errorPct" : 0.0,
    "meanResTime" : 189.7537150782641,
    "medianResTime" : 154.0,
    "minResTime" : 0.0,
    "maxResTime" : 2232.0,
    "pct1ResTime" : 365.0,
    "pct2ResTime" : 456.0,
    "pct3ResTime" : 817.5599999999986,
    "throughput" : 165.34530205739745,
    "receivedKBytesPerSec" : 9646.797429123395,
    "sentKBytesPerSec" : 87.37393372837766
  },
  "PROF - VNE - Test 01" : {
    "transaction" : "PROF - VNE - Test 01",
    "sampleCount" : 50,
    "errorCount" : 0,
    "errorPct" : 0.0,
    "meanResTime" : 86.74,
    "medianResTime" : 1.0,
    "minResTime" : 0.0,
    "maxResTime" : 1020.0,
    "pct1ResTime" : 404.9999999999998,
    "pct2ResTime" : 797.4999999999993,
    "pct3ResTime" : 1020.0,
    "throughput" : 2.881844380403458,
    "receivedKBytesPerSec" : 0.0,
    "sentKBytesPerSec" : 0.0
  },
  "PROF - VNE - Random main action" : {
    "transaction" : "PROF - VNE - Random main action",
    "sampleCount" : 50,
    "errorCount" : 0,
    "errorPct" : 0.0,
    "meanResTime" : 77.03999999999999,
    "medianResTime" : 2.0,
    "minResTime" : 0.0,
    "maxResTime" : 500.0,
    "pct1ResTime" : 432.6,
    "pct2ResTime" : 498.45,
    "pct3ResTime" : 500.0,
    "throughput" : 3.062036866923878,
    "receivedKBytesPerSec" : 0.0,
    "sentKBytesPerSec" : 0.0
  },
  "HTTP Request" : {
    "transaction" : "HTTP Request",
    "sampleCount" : 877,
    "errorCount" : 0,
    "errorPct" : 0.0,
    "meanResTime" : 328.4960091220068,
    "medianResTime" : 298.0,
    "minResTime" : 27.0,
    "maxResTime" : 2232.0,
    "pct1ResTime" : 549.2,
    "pct2ResTime" : 744.3999999999996,
    "pct3ResTime" : 1153.5400000000002,
    "throughput" : 30.508592499826065,
    "receivedKBytesPerSec" : 5087.608350672703,
    "sentKBytesPerSec" : 7.4185932934147365
  }
}