{
  "eProtect/paypage_01" : {
    "transaction" : "eProtect/paypage_01",
    "sampleCount" : 10,
    "errorCount" : 0,
    "errorPct" : 0.0,
    "meanResTime" : 1368.0,
    "medianResTime" : 1371.5,
    "minResTime" : 572.0,
    "maxResTime" : 2329.0,
    "pct1ResTime" : 2281.2000000000003,
    "pct2ResTime" : 2329.0,
    "pct3ResTime" : 2329.0,
    "throughput" : 0.027607683770547016,
    "receivedKBytesPerSec" : 0.012563652965893467,
    "sentKBytesPerSec" : 0.030519431668221898
  },
  "TEST-01-BUSINESS-LOGIN-FLOW" : {
    "transaction" : "TEST-01-BUSINESS-LOGIN-FLOW",
    "sampleCount" : 10,
    "errorCount" : 0,
    "errorPct" : 0.0,
    "meanResTime" : 1.4999999999999998,
    "medianResTime" : 1.0,
    "minResTime" : 0.0,
    "maxResTime" : 9.0,
    "pct1ResTime" : 8.300000000000002,
    "pct2ResTime" : 9.0,
    "pct3ResTime" : 9.0,
    "throughput" : 0.027768984266093515,
    "receivedKBytesPerSec" : 0.0,
    "sentKBytesPerSec" : 0.0
  },
  "Total" : {
    "transaction" : "Total",
    "sampleCount" : 40,
    "errorCount" : 0,
    "errorPct" : 0.0,
    "meanResTime" : 348.30000000000007,
    "medianResTime" : 1.0,
    "minResTime" : 0.0,
    "maxResTime" : 2329.0,
    "pct1ResTime" : 1500.7999999999997,
    "pct2ResTime" : 1848.8999999999999,
    "pct3ResTime" : 2329.0,
    "throughput" : 0.11042616216634045,
    "receivedKBytesPerSec" : 0.012563132707401036,
    "sentKBytesPerSec" : 0.030518167864330415
  },
  "PROF-T001-EXC-Random main action" : {
    "transaction" : "PROF-T001-EXC-Random main action",
    "sampleCount" : 10,
    "errorCount" : 0,
    "errorPct" : 0.0,
    "meanResTime" : 6.1,
    "medianResTime" : 1.0,
    "minResTime" : 0.0,
    "maxResTime" : 54.0,
    "pct1ResTime" : 48.80000000000002,
    "pct2ResTime" : 54.0,
    "pct3ResTime" : 54.0,
    "throughput" : 0.02776967828827703,
    "receivedKBytesPerSec" : 0.0,
    "sentKBytesPerSec" : 0.0
  },
  "JSR223 Sampler-FunctionUtils" : {
    "transaction" : "JSR223 Sampler-FunctionUtils",
    "sampleCount" : 10,
    "errorCount" : 0,
    "errorPct" : 0.0,
    "meanResTime" : 17.599999999999998,
    "medianResTime" : 0.5,
    "minResTime" : 0.0,
    "maxResTime" : 172.0,
    "pct1ResTime" : 154.90000000000006,
    "pct2ResTime" : 172.0,
    "pct3ResTime" : 172.0,
    "throughput" : 0.02775565035652133,
    "receivedKBytesPerSec" : 0.0,
    "sentKBytesPerSec" : 0.0
  }
}