{
  "VNE-GET-Home" : {
    "transaction" : "VNE-GET-Home",
    "sampleCount" : 12617,
    "errorCount" : 0,
    "errorPct" : 0.0,
    "meanResTime" : 455.23634778473405,
    "medianResTime" : 299.0,
    "minResTime" : 36.0,
    "maxResTime" : 7881.0,
    "pct1ResTime" : 1088.0,
    "pct2ResTime" : 1499.0999999999985,
    "pct3ResTime" : 2522.4999999999927,
    "throughput" : 105.55244158516895,
    "receivedKBytesPerSec" : 4092.0427782625925,
    "sentKBytesPerSec" : 61.12558384766132
  },
  "VNE-GET-bongda" : {
    "transaction" : "VNE-GET-bongda",
    "sampleCount" : 12554,
    "errorCount" : 0,
    "errorPct" : 0.0,
    "meanResTime" : 125.4181137486058,
    "medianResTime" : 73.0,
    "minResTime" : 16.0,
    "maxResTime" : 4382.0,
    "pct1ResTime" : 243.0,
    "pct2ResTime" : 390.0,
    "pct3ResTime" : 959.4500000000007,
    "throughput" : 106.16670049387727,
    "receivedKBytesPerSec" : 3598.673998119947,
    "sentKBytesPerSec" : 66.5615446455754
  },
  "Total" : {
    "transaction" : "Total",
    "sampleCount" : 26767,
    "errorCount" : 0,
    "errorPct" : 0.0,
    "meanResTime" : 279.5261329248693,
    "medianResTime" : 144.5,
    "minResTime" : 0.0,
    "maxResTime" : 7881.0,
    "pct1ResTime" : 759.0,
    "pct2ResTime" : 1282.0,
    "pct3ResTime" : 2212.9900000000016,
    "throughput" : 220.41155787584094,
    "receivedKBytesPerSec" : 7917.131111699817,
    "sentKBytesPerSec" : 132.2847311786176
  },
  "PROF - VNE - Test 02" : {
    "transaction" : "PROF - VNE - Test 02",
    "sampleCount" : 100,
    "errorCount" : 0,
    "errorPct" : 0.0,
    "meanResTime" : 49.54000000000003,
    "medianResTime" : 1.0,
    "minResTime" : 0.0,
    "maxResTime" : 1096.0,
    "pct1ResTime" : 29.10000000000005,
    "pct2ResTime" : 499.34999999999826,
    "pct3ResTime" : 1094.6099999999992,
    "throughput" : 1.823420006564312,
    "receivedKBytesPerSec" : 0.0,
    "sentKBytesPerSec" : 0.0
  },
  "PROF - VNE - Random main action" : {
    "transaction" : "PROF - VNE - Random main action",
    "sampleCount" : 100,
    "errorCount" : 0,
    "errorPct" : 0.0,
    "meanResTime" : 33.90000000000004,
    "medianResTime" : 1.0,
    "minResTime" : 0.0,
    "maxResTime" : 388.0,
    "pct1ResTime" : 106.90000000000006,
    "pct2ResTime" : 353.84999999999997,
    "pct3ResTime" : 387.99,
    "throughput" : 1.8606381989022234,
    "receivedKBytesPerSec" : 0.0,
    "sentKBytesPerSec" : 0.0
  },
  "VNE-GET-quansu" : {
    "transaction" : "VNE-GET-quansu",
    "sampleCount" : 1396,
    "errorCount" : 0,
    "errorPct" : 0.0,
    "meanResTime" : 111.40114613180515,
    "medianResTime" : 61.0,
    "minResTime" : 17.0,
    "maxResTime" : 3378.0,
    "pct1ResTime" : 203.79999999999973,
    "pct2ResTime" : 349.7499999999993,
    "pct3ResTime" : 893.5799999999977,
    "throughput" : 11.900499548190204,
    "receivedKBytesPerSec" : 398.90685039288275,
    "sentKBytesPerSec" : 7.565649615109201
  }
}