{
  "VNE-GET-bongda" : {
    "transaction" : "VNE-GET-bongda",
    "sampleCount" : 9533,
    "errorCount" : 0,
    "errorPct" : 0.0,
    "meanResTime" : 538.3920067135186,
    "medianResTime" : 347.0,
    "minResTime" : 44.0,
    "maxResTime" : 13503.0,
    "pct1ResTime" : 1317.6000000000004,
    "pct2ResTime" : 1620.2999999999993,
    "pct3ResTime" : 2799.899999999998,
    "throughput" : 79.65274644474523,
    "receivedKBytesPerSec" : 2708.1377221903667,
    "sentKBytesPerSec" : 49.93853829836567
  },
  "Total" : {
    "transaction" : "Total",
    "sampleCount" : 13812,
    "errorCount" : 0,
    "errorPct" : 0.0,
    "meanResTime" : 544.1199681436466,
    "medianResTime" : 348.5,
    "minResTime" : 0.0,
    "maxResTime" : 13503.0,
    "pct1ResTime" : 1329.7000000000007,
    "pct2ResTime" : 1653.3499999999985,
    "pct3ResTime" : 2872.089999999993,
    "throughput" : 113.99896004423938,
    "receivedKBytesPerSec" : 8289.336078391823,
    "sentKBytesPerSec" : 57.516241893400405
  },
  "PROF - VNE - Test 01" : {
    "transaction" : "PROF - VNE - Test 01",
    "sampleCount" : 100,
    "errorCount" : 0,
    "errorPct" : 0.0,
    "meanResTime" : 37.29999999999998,
    "medianResTime" : 1.0,
    "minResTime" : 0.0,
    "maxResTime" : 957.0,
    "pct1ResTime" : 3.9000000000000057,
    "pct2ResTime" : 356.4999999999983,
    "pct3ResTime" : 955.5799999999992,
    "throughput" : 1.8233867585653594,
    "receivedKBytesPerSec" : 0.0,
    "sentKBytesPerSec" : 0.0
  },
  "PROF - VNE - Random main action" : {
    "transaction" : "PROF - VNE - Random main action",
    "sampleCount" : 100,
    "errorCount" : 0,
    "errorPct" : 0.0,
    "meanResTime" : 20.110000000000003,
    "medianResTime" : 1.0,
    "minResTime" : 0.0,
    "maxResTime" : 265.0,
    "pct1ResTime" : 11.900000000000006,
    "pct2ResTime" : 247.79999999999995,
    "pct3ResTime" : 264.87999999999994,
    "throughput" : 1.8557695876479976,
    "receivedKBytesPerSec" : 0.0,
    "sentKBytesPerSec" : 0.0
  },
  "VNE-GET-quansu" : {
    "transaction" : "VNE-GET-quansu",
    "sampleCount" : 4079,
    "errorCount" : 0,
    "errorPct" : 0.0,
    "meanResTime" : 582.7783770531989,
    "medianResTime" : 379.0,
    "minResTime" : 28.0,
    "maxResTime" : 4756.0,
    "pct1ResTime" : 1391.0,
    "pct2ResTime" : 1796.0,
    "pct3ResTime" : 3058.9999999999836,
    "throughput" : 34.06746678025273,
    "receivedKBytesPerSec" : 5681.076487306653,
    "sentKBytesPerSec" : 8.283983621370048
  }
}