{
  "VNE-GET-bongda" : {
    "transaction" : "VNE-GET-bongda",
    "sampleCount" : 13296,
    "errorCount" : 0,
    "errorPct" : 0.0,
    "meanResTime" : 546.3912454873658,
    "medianResTime" : 407.0,
    "minResTime" : 44.0,
    "maxResTime" : 27546.0,
    "pct1ResTime" : 1264.300000000001,
    "pct2ResTime" : 1574.1499999999996,
    "pct3ResTime" : 2250.0300000000007,
    "throughput" : 111.07027099274902,
    "receivedKBytesPerSec" : 3776.470857732984,
    "sentKBytesPerSec" : 69.63585349350085
  },
  "Total" : {
    "transaction" : "Total",
    "sampleCount" : 14966,
    "errorCount" : 0,
    "errorPct" : 0.0,
    "meanResTime" : 500.8824669250267,
    "medianResTime" : 371.0,
    "minResTime" : 0.0,
    "maxResTime" : 27546.0,
    "pct1ResTime" : 1207.0,
    "pct2ResTime" : 1540.6499999999996,
    "pct3ResTime" : 2170.33,
    "throughput" : 123.64201151656849,
    "receivedKBytesPerSec" : 5760.002821182348,
    "sentKBytesPerSec" : 71.8209224975835
  },
  "PROF - VNE - Test 02" : {
    "transaction" : "PROF - VNE - Test 02",
    "sampleCount" : 100,
    "errorCount" : 0,
    "errorPct" : 0.0,
    "meanResTime" : 31.300000000000015,
    "medianResTime" : 1.0,
    "minResTime" : 0.0,
    "maxResTime" : 847.0,
    "pct1ResTime" : 9.0,
    "pct2ResTime" : 247.69999999999902,
    "pct3ResTime" : 845.5499999999993,
    "throughput" : 1.8232870218429784,
    "receivedKBytesPerSec" : 0.0,
    "sentKBytesPerSec" : 0.0
  },
  "PROF - VNE - Random main action" : {
    "transaction" : "PROF - VNE - Random main action",
    "sampleCount" : 100,
    "errorCount" : 0,
    "errorPct" : 0.0,
    "meanResTime" : 23.109999999999996,
    "medianResTime" : 1.0,
    "minResTime" : 0.0,
    "maxResTime" : 318.0,
    "pct1ResTime" : 26.000000000000114,
    "pct2ResTime" : 311.95,
    "pct3ResTime" : 318.0,
    "throughput" : 1.8519204414978332,
    "receivedKBytesPerSec" : 0.0,
    "sentKBytesPerSec" : 0.0
  },
  "VNE-GET-quansu" : {
    "transaction" : "VNE-GET-quansu",
    "sampleCount" : 1470,
    "errorCount" : 0,
    "errorPct" : 0.0,
    "meanResTime" : 153.7061224489796,
    "medianResTime" : 64.0,
    "minResTime" : 25.0,
    "maxResTime" : 1752.0,
    "pct1ResTime" : 382.8000000000002,
    "pct2ResTime" : 648.8000000000002,
    "pct3ResTime" : 1221.0,
    "throughput" : 12.434759806119255,
    "receivedKBytesPerSec" : 2073.5955746371083,
    "sentKBytesPerSec" : 3.0236867106676706
  }
}