{
  "LG-030-GET-applicants/email" : {
    "transaction" : "LG-030-GET-applicants/email",
    "sampleCount" : 6,
    "errorCount" : 0,
    "errorPct" : 0.0,
    "meanResTime" : 301.16666666666663,
    "medianResTime" : 298.0,
    "minResTime" : 283.0,
    "maxResTime" : 325.0,
    "pct1ResTime" : 325.0,
    "pct2ResTime" : 325.0,
    "pct3ResTime" : 325.0,
    "throughput" : 0.013354106387714221,
    "receivedKBytesPerSec" : 0.0297641817827732,
    "sentKBytesPerSec" : 0.03606738955041175
  },
  "LG-010-POST-check-lead-with-application" : {
    "transaction" : "LG-010-POST-check-lead-with-application",
    "sampleCount" : 6,
    "errorCount" : 0,
    "errorPct" : 0.0,
    "meanResTime" : 1060.5,
    "medianResTime" : 1051.5,
    "minResTime" : 983.0,
    "maxResTime" : 1161.0,
    "pct1ResTime" : 1161.0,
    "pct2ResTime" : 1161.0,
    "pct3ResTime" : 1161.0,
    "throughput" : 0.013313570078195034,
    "receivedKBytesPerSec" : 0.00722885250339496,
    "sentKBytesPerSec" : 0.010284212824074485
  },
  "TEST-01-BUSINESS-LOGIN-FLOW" : {
    "transaction" : "TEST-01-BUSINESS-LOGIN-FLOW",
    "sampleCount" : 10,
    "errorCount" : 0,
    "errorPct" : 0.0,
    "meanResTime" : 1.5999999999999999,
    "medianResTime" : 0.5,
    "minResTime" : 0.0,
    "maxResTime" : 12.0,
    "pct1ResTime" : 10.900000000000004,
    "pct2ResTime" : 12.0,
    "pct3ResTime" : 12.0,
    "throughput" : 0.022254961743720762,
    "receivedKBytesPerSec" : 0.0,
    "sentKBytesPerSec" : 0.0
  },
  "LG-070-GET-payments/failed" : {
    "transaction" : "LG-070-GET-payments/failed",
    "sampleCount" : 6,
    "errorCount" : 0,
    "errorPct" : 0.0,
    "meanResTime" : 311.83333333333337,
    "medianResTime" : 289.5,
    "minResTime" : 274.0,
    "maxResTime" : 411.0,
    "pct1ResTime" : 411.0,
    "pct2ResTime" : 411.0,
    "pct3ResTime" : 411.0,
    "throughput" : 0.01335458195706947,
    "receivedKBytesPerSec" : 0.006703374146419637,
    "sentKBytesPerSec" : 0.03653817101209925
  },
  "LG-050-GET-noaa/latest/customerUUID" : {
    "transaction" : "LG-050-GET-noaa/latest/customerUUID",
    "sampleCount" : 6,
    "errorCount" : 0,
    "errorPct" : 0.0,
    "meanResTime" : 276.66666666666663,
    "medianResTime" : 262.0,
    "minResTime" : 253.0,
    "maxResTime" : 333.0,
    "pct1ResTime" : 333.0,
    "pct2ResTime" : 333.0,
    "pct3ResTime" : 333.0,
    "throughput" : 0.013354463061555171,
    "receivedKBytesPerSec" : 0.010433174266839977,
    "sentKBytesPerSec" : 0.03596402112898631
  },
  "AF-010-GET-Login" : {
    "transaction" : "AF-010-GET-Login",
    "sampleCount" : 6,
    "errorCount" : 0,
    "errorPct" : 0.0,
    "meanResTime" : 1375.0,
    "medianResTime" : 1109.0,
    "minResTime" : 959.0,
    "maxResTime" : 2036.0,
    "pct1ResTime" : 2036.0,
    "pct2ResTime" : 2036.0,
    "pct3ResTime" : 2036.0,
    "throughput" : 0.01330167534600983,
    "receivedKBytesPerSec" : 0.02280812984541236,
    "sentKBytesPerSec" : 0.008716234528488862
  },
  "AF-020-GET-maintenance/configuration" : {
    "transaction" : "AF-020-GET-maintenance/configuration",
    "sampleCount" : 6,
    "errorCount" : 0,
    "errorPct" : 0.0,
    "meanResTime" : 774.1666666666666,
    "medianResTime" : 849.0,
    "minResTime" : 283.0,
    "maxResTime" : 921.0,
    "pct1ResTime" : 921.0,
    "pct2ResTime" : 921.0,
    "pct3ResTime" : 921.0,
    "throughput" : 0.013335644845106484,
    "receivedKBytesPerSec" : 0.022879399790408116,
    "sentKBytesPerSec" : 0.011186834884713349
  },
  "JSR223 Sampler-FunctionUtils" : {
    "transaction" : "JSR223 Sampler-FunctionUtils",
    "sampleCount" : 10,
    "errorCount" : 0,
    "errorPct" : 0.0,
    "meanResTime" : 64.5,
    "medianResTime" : 1.0,
    "minResTime" : 0.0,
    "maxResTime" : 638.0,
    "pct1ResTime" : 574.3000000000002,
    "pct2ResTime" : 638.0,
    "pct3ResTime" : 638.0,
    "throughput" : 0.022223160533444745,
    "receivedKBytesPerSec" : 0.0,
    "sentKBytesPerSec" : 0.0
  },
  "LG-060-GET-dashboard" : {
    "transaction" : "LG-060-GET-dashboard",
    "sampleCount" : 6,
    "errorCount" : 0,
    "errorPct" : 0.0,
    "meanResTime" : 411.3333333333333,
    "medianResTime" : 410.0,
    "minResTime" : 347.0,
    "maxResTime" : 485.0,
    "pct1ResTime" : 485.0,
    "pct2ResTime" : 485.0,
    "pct3ResTime" : 485.0,
    "throughput" : 0.013348847660725688,
    "receivedKBytesPerSec" : 0.014252675887753991,
    "sentKBytesPerSec" : 0.03592282669636044
  },
  "LG-110-GET-applicants/popup/uuid" : {
    "transaction" : "LG-110-GET-applicants/popup/uuid",
    "sampleCount" : 6,
    "errorCount" : 0,
    "errorPct" : 0.0,
    "meanResTime" : 257.3333333333333,
    "medianResTime" : 254.0,
    "minResTime" : 247.0,
    "maxResTime" : 280.0,
    "pct1ResTime" : 280.0,
    "pct2ResTime" : 280.0,
    "pct3ResTime" : 280.0,
    "throughput" : 0.013344898912390738,
    "receivedKBytesPerSec" : 0.00775411606725829,
    "sentKBytesPerSec" : 0.03596432880718845
  },
  "LG-040-GET-maintenance/configuration" : {
    "transaction" : "LG-040-GET-maintenance/configuration",
    "sampleCount" : 6,
    "errorCount" : 0,
    "errorPct" : 0.0,
    "meanResTime" : 255.66666666666666,
    "medianResTime" : 252.0,
    "minResTime" : 246.0,
    "maxResTime" : 280.0,
    "pct1ResTime" : 280.0,
    "pct2ResTime" : 280.0,
    "pct3ResTime" : 280.0,
    "throughput" : 0.01335437389130875,
    "receivedKBytesPerSec" : 0.007433587029341785,
    "sentKBytesPerSec" : 0.03571599475618252
  },
  "LG-080-GET-summary?emailEncrypted" : {
    "transaction" : "LG-080-GET-summary?emailEncrypted",
    "sampleCount" : 6,
    "errorCount" : 0,
    "errorPct" : 0.0,
    "meanResTime" : 326.16666666666663,
    "medianResTime" : 327.0,
    "minResTime" : 305.0,
    "maxResTime" : 349.0,
    "pct1ResTime" : 349.0,
    "pct2ResTime" : 349.0,
    "pct3ResTime" : 349.0,
    "throughput" : 0.013354017222230877,
    "receivedKBytesPerSec" : 0.010858833014691645,
    "sentKBytesPerSec" : 0.036236682149907745
  },
  "LG-130-GET-customers/popup/customerId" : {
    "transaction" : "LG-130-GET-customers/popup/customerId",
    "sampleCount" : 6,
    "errorCount" : 0,
    "errorPct" : 0.0,
    "meanResTime" : 258.5,
    "medianResTime" : 256.0,
    "minResTime" : 248.0,
    "maxResTime" : 283.0,
    "pct1ResTime" : 283.0,
    "pct2ResTime" : 283.0,
    "pct3ResTime" : 283.0,
    "throughput" : 0.013344245961141556,
    "receivedKBytesPerSec" : 0.008678972470820582,
    "sentKBytesPerSec" : 0.035476060144740584
  },
  "Total" : {
    "transaction" : "Total",
    "sampleCount" : 120,
    "errorCount" : 0,
    "errorPct" : 0.0,
    "meanResTime" : 352.5333333333334,
    "medianResTime" : 281.0,
    "minResTime" : 0.0,
    "maxResTime" : 2036.0,
    "pct1ResTime" : 955.2000000000003,
    "pct2ResTime" : 1072.3999999999999,
    "pct3ResTime" : 2033.27,
    "throughput" : 0.26022748219068165,
    "receivedKBytesPerSec" : 0.2567226279993928,
    "sentKBytesPerSec" : 0.42714748663623453
  },
  "LG-020-POST-auth/oauth/token" : {
    "transaction" : "LG-020-POST-auth/oauth/token",
    "sampleCount" : 6,
    "errorCount" : 0,
    "errorPct" : 0.0,
    "meanResTime" : 464.8333333333333,
    "medianResTime" : 459.5,
    "minResTime" : 452.0,
    "maxResTime" : 489.0,
    "pct1ResTime" : 489.0,
    "pct2ResTime" : 489.0,
    "pct3ResTime" : 489.0,
    "throughput" : 0.013332414878086176,
    "receivedKBytesPerSec" : 0.06251739463503625,
    "sentKBytesPerSec" : 0.01299823651037373
  },
  "LG-100-GET-applicants/id" : {
    "transaction" : "LG-100-GET-applicants/id",
    "sampleCount" : 6,
    "errorCount" : 0,
    "errorPct" : 0.0,
    "meanResTime" : 268.33333333333337,
    "medianResTime" : 263.5,
    "minResTime" : 257.0,
    "maxResTime" : 291.0,
    "pct1ResTime" : 291.0,
    "pct2ResTime" : 291.0,
    "pct3ResTime" : 291.0,
    "throughput" : 0.013344097572041446,
    "receivedKBytesPerSec" : 0.025332935234422434,
    "sentKBytesPerSec" : 0.03544960295749683
  },