{
  "VNE-GET-bongda" : {
    "transaction" : "VNE-GET-bongda",
    "sampleCount" : 13323,
    "errorCount" : 0,
    "errorPct" : 0.0,
    "meanResTime" : 537.9711776626898,
    "medianResTime" : 377.0,
    "minResTime" : 41.0,
    "maxResTime" : 22522.0,
    "pct1ResTime" : 1236.0,
    "pct2ResTime" : 1511.7999999999993,
    "pct3ResTime" : 2539.040000000001,
    "throughput" : 111.04906062980312,
    "receivedKBytesPerSec" : 3775.59393239629,
    "sentKBytesPerSec" : 69.62255559016954
  },
  "Total" : {
    "transaction" : "Total",
    "sampleCount" : 14995,
    "errorCount" : 0,
    "errorPct" : 0.0,
    "meanResTime" : 501.22187395798284,
    "medianResTime" : 349.0,
    "minResTime" : 0.0,
    "maxResTime" : 22522.0,
    "pct1ResTime" : 1200.0,
    "pct2ResTime" : 1482.0,
    "pct3ResTime" : 2484.119999999997,
    "throughput" : 123.68438417631727,
    "receivedKBytesPerSec" : 5761.000746671265,
    "sentKBytesPerSec" : 71.85022587659606
  },
  "PROF - VNE - Test 02" : {
    "transaction" : "PROF - VNE - Test 02",
    "sampleCount" : 100,
    "errorCount" : 0,
    "errorPct" : 0.0,
    "meanResTime" : 28.54,
    "medianResTime" : 1.0,
    "minResTime" : 0.0,
    "maxResTime" : 786.0,
    "pct1ResTime" : 41.200000000000216,
    "pct2ResTime" : 189.54999999999876,
    "pct3ResTime" : 784.4399999999991,
    "throughput" : 1.8231208182166232,
    "receivedKBytesPerSec" : 0.0,
    "sentKBytesPerSec" : 0.0
  },
  "PROF - VNE - Random main action" : {
    "transaction" : "PROF - VNE - Random main action",
    "sampleCount" : 100,
    "errorCount" : 0,
    "errorPct" : 0.0,
    "meanResTime" : 19.569999999999997,
    "medianResTime" : 1.0,
    "minResTime" : 0.0,
    "maxResTime" : 289.0,
    "pct1ResTime" : 8.900000000000006,
    "pct2ResTime" : 284.9,
    "pct3ResTime" : 288.98,
    "throughput" : 1.849249204822842,
    "receivedKBytesPerSec" : 0.0,
    "sentKBytesPerSec" : 0.0
  },
  "VNE-GET-quansu" : {
    "transaction" : "VNE-GET-quansu",
    "sampleCount" : 1472,
    "errorCount" : 0,
    "errorPct" : 0.0,
    "meanResTime" : 233.43817934782666,
    "medianResTime" : 78.0,
    "minResTime" : 26.0,
    "maxResTime" : 2926.0,
    "pct1ResTime" : 639.7,
    "pct2ResTime" : 1131.9999999999982,
    "pct3ResTime" : 1959.27,
    "throughput" : 12.470454680232805,
    "receivedKBytesPerSec" : 2079.5464217599692,
    "sentKBytesPerSec" : 3.032366421267547
  }
}