{
  "VNE-GET-bongda" : {
    "transaction" : "VNE-GET-bongda",
    "sampleCount" : 10665,
    "errorCount" : 0,
    "errorPct" : 0.0,
    "meanResTime" : 307.4569151429912,
    "medianResTime" : 133.0,
    "minResTime" : 42.0,
    "maxResTime" : 14686.0,
    "pct1ResTime" : 772.3999999999996,
    "pct2ResTime" : 1238.3999999999978,
    "pct3ResTime" : 2323.040000000001,
    "throughput" : 89.0754196943122,
    "receivedKBytesPerSec" : 3028.5694244341435,
    "sentKBytesPerSec" : 55.84611273803558
  },
  "Total" : {
    "transaction" : "Total",
    "sampleCount" : 21483,
    "errorCount" : 0,
    "errorPct" : 0.0,
    "meanResTime" : 348.411767444026,
    "medianResTime" : 138.5,
    "minResTime" : 0.0,
    "maxResTime" : 14686.0,
    "pct1ResTime" : 1014.9000000000015,
    "pct2ResTime" : 1418.0,
    "pct3ResTime" : 2592.9900000000016,
    "throughput" : 177.4853148933006,
    "receivedKBytesPerSec" : 17624.175027728208,
    "sentKBytesPerSec" : 76.57216227352716
  },
  "PROF - VNE - Test 01" : {
    "transaction" : "PROF - VNE - Test 01",
    "sampleCount" : 100,
    "errorCount" : 0,
    "errorPct" : 0.0,
    "meanResTime" : 29.449999999999992,
    "medianResTime" : 1.0,
    "minResTime" : 0.0,
    "maxResTime" : 815.0,
    "pct1ResTime" : 4.800000000000011,
    "pct2ResTime" : 220.39999999999895,
    "pct3ResTime" : 813.6299999999993,
    "throughput" : 1.8233867585653594,
    "receivedKBytesPerSec" : 0.0,
    "sentKBytesPerSec" : 0.0
  },
  "PROF - VNE - Random main action" : {
    "transaction" : "PROF - VNE - Random main action",
    "sampleCount" : 100,
    "errorCount" : 0,
    "errorPct" : 0.0,
    "meanResTime" : 21.27,
    "medianResTime" : 1.0,
    "minResTime" : 0.0,
    "maxResTime" : 308.0,
    "pct1ResTime" : 6.0,
    "pct2ResTime" : 304.84999999999997,
    "pct3ResTime" : 308.0,
    "throughput" : 1.8509606485766112,
    "receivedKBytesPerSec" : 0.0,
    "sentKBytesPerSec" : 0.0
  },
  "VNE-GET-quansu" : {
    "transaction" : "VNE-GET-quansu",
    "sampleCount" : 10618,
    "errorCount" : 0,
    "errorPct" : 0.0,
    "meanResTime" : 395.63288754944426,
    "medianResTime" : 148.5,
    "minResTime" : 26.0,
    "maxResTime" : 8220.0,
    "pct1ResTime" : 1097.2000000000007,
    "pct2ResTime" : 1539.0499999999993,
    "pct3ResTime" : 2678.0,
    "throughput" : 89.73665528548732,
    "receivedKBytesPerSec" : 14964.311148572986,
    "sentKBytesPerSec" : 21.82072965438119
  }
}