{
  "TEST-01-BUSINESS-FIRST" : {
    "transaction" : "TEST-01-BUSINESS-FIRST",
    "sampleCount" : 10,
    "errorCount" : 0,
    "errorPct" : 0.0,
    "meanResTime" : 3.1999999999999997,
    "medianResTime" : 1.0,
    "minResTime" : 0.0,
    "maxResTime" : 21.0,
    "pct1ResTime" : 19.200000000000006,
    "pct2ResTime" : 21.0,
    "pct3ResTime" : 21.0,
    "throughput" : 0.20445298603586104,
    "receivedKBytesPerSec" : 0.0,
    "sentKBytesPerSec" : 0.0
  },
  "Total" : {
    "transaction" : "Total",
    "sampleCount" : 40,
    "errorCount" : 0,
    "errorPct" : 0.0,
    "meanResTime" : 284.15,
    "medianResTime" : 1.5,
    "minResTime" : 0.0,
    "maxResTime" : 4102.0,
    "pct1ResTime" : 773.5999999999999,
    "pct2ResTime" : 1242.849999999999,
    "pct3ResTime" : 4102.0,
    "throughput" : 0.7369604068021446,
    "receivedKBytesPerSec" : 0.08456332792895702,
    "sentKBytesPerSec" : 0.22940051725408553
  },
  "PROF-T001-EXC-Random main action" : {
    "transaction" : "PROF-T001-EXC-Random main action",
    "sampleCount" : 10,
    "errorCount" : 0,
    "errorPct" : 0.0,
    "meanResTime" : 13.6,
    "medianResTime" : 1.5,
    "minResTime" : 1.0,
    "maxResTime" : 120.0,
    "pct1ResTime" : 108.40000000000003,
    "pct2ResTime" : 120.0,
    "pct3ResTime" : 120.0,
    "throughput" : 0.20453662228221964,
    "receivedKBytesPerSec" : 0.0,
    "sentKBytesPerSec" : 0.0
  },
  "HTTP Request" : {
    "transaction" : "HTTP Request",
    "sampleCount" : 10,
    "errorCount" : 0,
    "errorPct" : 0.0,
    "meanResTime" : 992.8000000000001,
    "medianResTime" : 667.5,
    "minResTime" : 471.0,
    "maxResTime" : 4102.0,
    "pct1ResTime" : 3791.1000000000013,
    "pct2ResTime" : 4102.0,
    "pct3ResTime" : 4102.0,
    "throughput" : 0.18425707547169812,
    "receivedKBytesPerSec" : 0.08457111862470519,
    "sentKBytesPerSec" : 0.229421651588296
  },
  "JSR223 Sampler-FunctionUtils" : {
    "transaction" : "JSR223 Sampler-FunctionUtils",
    "sampleCount" : 10,
    "errorCount" : 0,
    "errorPct" : 0.0,
    "meanResTime" : 127.0,
    "medianResTime" : 1.0,
    "minResTime" : 1.0,
    "maxResTime" : 1256.0,
    "pct1ResTime" : 1131.0000000000005,
    "pct2ResTime" : 1256.0,
    "pct3ResTime" : 1256.0,
    "throughput" : 0.19933422369286583,
    "receivedKBytesPerSec" : 0.0,
    "sentKBytesPerSec" : 0.0
  }
}