{
  "eProtect/paypage_01" : {
    "transaction" : "eProtect/paypage_01",
    "sampleCount" : 10,
    "errorCount" : 0,
    "errorPct" : 0.0,
    "meanResTime" : 1206.8,
    "medianResTime" : 1185.5,
    "minResTime" : 429.0,
    "maxResTime" : 2369.0,
    "pct1ResTime" : 2323.1000000000004,
    "pct2ResTime" : 2369.0,
    "pct3ResTime" : 2369.0,
    "throughput" : 0.02216567512213287,
    "receivedKBytesPerSec" : 0.010087113873939372,
    "sentKBytesPerSec" : 0.02450346117017032
  },
  "TEST-01-BUSINESS-LOGIN-FLOW" : {
    "transaction" : "TEST-01-BUSINESS-LOGIN-FLOW",
    "sampleCount" : 10,
    "errorCount" : 0,
    "errorPct" : 0.0,
    "meanResTime" : 2.0,
    "medianResTime" : 1.0,
    "minResTime" : 0.0,
    "maxResTime" : 13.0,
    "pct1ResTime" : 11.900000000000004,
    "pct2ResTime" : 13.0,
    "pct3ResTime" : 13.0,
    "throughput" : 0.022295003020972908,
    "receivedKBytesPerSec" : 0.0,
    "sentKBytesPerSec" : 0.0
  },
  "Total" : {
    "transaction" : "Total",
    "sampleCount" : 40,
    "errorCount" : 0,
    "errorPct" : 0.0,
    "meanResTime" : 310.5499999999999,
    "medianResTime" : 1.0,
    "minResTime" : 0.0,
    "maxResTime" : 2369.0,
    "pct1ResTime" : 1534.1999999999996,
    "pct2ResTime" : 1902.9499999999994,
    "pct3ResTime" : 2369.0,
    "throughput" : 0.08866034222892101,
    "receivedKBytesPerSec" : 0.010086845575848923,
    "sentKBytesPerSec" : 0.024502809424594377
  },
  "JSR223 Sampler-FunctionUtils" : {
    "transaction" : "JSR223 Sampler-FunctionUtils",
    "sampleCount" : 10,
    "errorCount" : 0,
    "errorPct" : 0.0,
    "meanResTime" : 24.899999999999995,
    "medianResTime" : 0.0,
    "minResTime" : 0.0,
    "maxResTime" : 246.0,
    "pct1ResTime" : 221.60000000000008,
    "pct2ResTime" : 246.0,
    "pct3ResTime" : 246.0,
    "throughput" : 0.022282831523967414,
    "receivedKBytesPerSec" : 0.0,
    "sentKBytesPerSec" : 0.0
  },
  "JSR223 Sampler - SET-ALL-SWITCH" : {
    "transaction" : "JSR223 Sampler - SET-ALL-SWITCH",
    "sampleCount" : 10,
    "errorCount" : 0,
    "errorPct" : 0.0,
    "meanResTime" : 8.499999999999998,
    "medianResTime" : 1.0,
    "minResTime" : 0.0,
    "maxResTime" : 78.0,
    "pct1ResTime" : 70.30000000000003,
    "pct2ResTime" : 78.0,
    "pct3ResTime" : 78.0,
    "throughput" : 0.022295649227009842,
    "receivedKBytesPerSec" : 0.0,
    "sentKBytesPerSec" : 0.0
  }
}