{
  "VNE-GET-bongda" : {
    "transaction" : "VNE-GET-bongda",
    "sampleCount" : 9084,
    "errorCount" : 0,
    "errorPct" : 0.0,
    "meanResTime" : 569.788309114928,
    "medianResTime" : 356.0,
    "minResTime" : 34.0,
    "maxResTime" : 14527.0,
    "pct1ResTime" : 1344.5,
    "pct2ResTime" : 1680.0,
    "pct3ResTime" : 2970.5999999999985,
    "throughput" : 75.74481568261221,
    "receivedKBytesPerSec" : 2575.37112452993,
    "sentKBytesPerSec" : 47.48844889476273
  },
  "Total" : {
    "transaction" : "Total",
    "sampleCount" : 13163,
    "errorCount" : 0,
    "errorPct" : 0.0,
    "meanResTime" : 570.4366785687133,
    "medianResTime" : 344.0,
    "minResTime" : 0.0,
    "maxResTime" : 14527.0,
    "pct1ResTime" : 1386.0,
    "pct2ResTime" : 1804.0,
    "pct3ResTime" : 3110.560000000012,
    "throughput" : 108.55455767502083,
    "receivedKBytesPerSec" : 7881.729113770236,
    "sentKBytesPerSec" : 54.747153450419354
  },
  "PROF - VNE - Test 01" : {
    "transaction" : "PROF - VNE - Test 01",
    "sampleCount" : 100,
    "errorCount" : 0,
    "errorPct" : 0.0,
    "meanResTime" : 31.949999999999992,
    "medianResTime" : 1.0,
    "minResTime" : 0.0,
    "maxResTime" : 855.0,
    "pct1ResTime" : 12.200000000000045,
    "pct2ResTime" : 257.2499999999989,
    "pct3ResTime" : 853.5799999999992,
    "throughput" : 1.823420006564312,
    "receivedKBytesPerSec" : 0.0,
    "sentKBytesPerSec" : 0.0
  },
  "PROF - VNE - Random main action" : {
    "transaction" : "PROF - VNE - Random main action",
    "sampleCount" : 100,
    "errorCount" : 0,
    "errorPct" : 0.0,
    "meanResTime" : 21.2,
    "medianResTime" : 1.0,
    "minResTime" : 0.0,
    "maxResTime" : 311.0,
    "pct1ResTime" : 6.0,
    "pct2ResTime" : 295.84999999999997,
    "pct3ResTime" : 310.98,
    "throughput" : 1.8523320860963954,
    "receivedKBytesPerSec" : 0.0,
    "sentKBytesPerSec" : 0.0
  },
  "VNE-GET-quansu" : {
    "transaction" : "VNE-GET-quansu",
    "sampleCount" : 3879,
    "errorCount" : 0,
    "errorPct" : 0.0,
    "meanResTime" : 599.9963908223766,
    "medianResTime" : 333.0,
    "minResTime" : 26.0,
    "maxResTime" : 13335.0,
    "pct1ResTime" : 1538.0,
    "pct2ResTime" : 2061.0,
    "pct3ResTime" : 3492.199999999989,
    "throughput" : 32.39194334958915,
    "receivedKBytesPerSec" : 5401.606182399355,
    "sentKBytesPerSec" : 7.876556537155956
  }
}