{
  "VNE-GET-bongda" : {
    "transaction" : "VNE-GET-bongda",
    "sampleCount" : 10241,
    "errorCount" : 0,
    "errorPct" : 0.0,
    "meanResTime" : 541.6331412947976,
    "medianResTime" : 353.0,
    "minResTime" : 44.0,
    "maxResTime" : 16928.0,
    "pct1ResTime" : 1286.6000000000022,
    "pct2ResTime" : 1617.8999999999996,
    "pct3ResTime" : 2680.0599999999995,
    "throughput" : 85.62995417906953,
    "receivedKBytesPerSec" : 2911.361512142965,
    "sentKBytesPerSec" : 53.68596736617445
  },
  "Total" : {
    "transaction" : "Total",
    "sampleCount" : 12996,
    "errorCount" : 0,
    "errorPct" : 0.0,
    "meanResTime" : 577.8572637734696,
    "medianResTime" : 371.0,
    "minResTime" : 0.0,
    "maxResTime" : 16928.0,
    "pct1ResTime" : 1362.300000000001,
    "pct2ResTime" : 1732.0,
    "pct3ResTime" : 2969.45000000001,
    "throughput" : 107.36414255737488,
    "receivedKBytesPerSec" : 6396.392943785317,
    "sentKBytesPerSec" : 58.17549636346926
  },
  "PROF - VNE - Test 01" : {
    "transaction" : "PROF - VNE - Test 01",
    "sampleCount" : 100,
    "errorCount" : 0,
    "errorPct" : 0.0,
    "meanResTime" : 37.209999999999994,
    "medianResTime" : 1.0,
    "minResTime" : 0.0,
    "maxResTime" : 942.0,
    "pct1ResTime" : 13.30000000000004,
    "pct2ResTime" : 343.34999999999826,
    "pct3ResTime" : 940.4699999999992,
    "throughput" : 1.8227885018501304,
    "receivedKBytesPerSec" : 0.0,
    "sentKBytesPerSec" : 0.0
  },
  "PROF - VNE - Random main action" : {
    "transaction" : "PROF - VNE - Random main action",
    "sampleCount" : 100,
    "errorCount" : 0,
    "errorPct" : 0.0,
    "meanResTime" : 25.62,
    "medianResTime" : 1.0,
    "minResTime" : 0.0,
    "maxResTime" : 321.0,
    "pct1ResTime" : 16.600000000000023,
    "pct2ResTime" : 312.4999999999999,
    "pct3ResTime" : 320.99,
    "throughput" : 1.854668199859045,
    "receivedKBytesPerSec" : 0.0,
    "sentKBytesPerSec" : 0.0
  },
  "VNE-GET-quansu" : {
    "transaction" : "VNE-GET-quansu",
    "sampleCount" : 2555,
    "errorCount" : 0,
    "errorPct" : 0.0,
    "meanResTime" : 765.8258317025443,
    "medianResTime" : 482.0,
    "minResTime" : 31.0,
    "maxResTime" : 14796.0,
    "pct1ResTime" : 1674.6000000000004,
    "pct2ResTime" : 2199.5999999999985,
    "pct3ResTime" : 3918.1600000000008,
    "throughput" : 21.366806603221328,
    "receivedKBytesPerSec" : 3563.118540761574,
    "sentKBytesPerSec" : 5.195639496291124
  }
}