{
  "VNE-GET-Home" : {
    "transaction" : "VNE-GET-Home",
    "sampleCount" : 19554,
    "errorCount" : 0,
    "errorPct" : 0.0,
    "meanResTime" : 471.2806075483275,
    "medianResTime" : 301.0,
    "minResTime" : 44.0,
    "maxResTime" : 13548.0,
    "pct1ResTime" : 1188.0,
    "pct2ResTime" : 1502.0,
    "pct3ResTime" : 2328.9000000000015,
    "throughput" : 77.05220351806318,
    "receivedKBytesPerSec" : 2970.509883562423,
    "sentKBytesPerSec" : 44.62105145137838
  },
  "VNE-GET-bongda" : {
    "transaction" : "VNE-GET-bongda",
    "sampleCount" : 19504,
    "errorCount" : 0,
    "errorPct" : 0.0,
    "meanResTime" : 110.96949343724324,
    "medianResTime" : 59.0,
    "minResTime" : 16.0,
    "maxResTime" : 7313.0,
    "pct1ResTime" : 260.0,
    "pct2ResTime" : 349.0,
    "pct3ResTime" : 823.9500000000007,
    "throughput" : 77.28335380591989,
    "receivedKBytesPerSec" : 2627.5964094756705,
    "sentKBytesPerSec" : 48.45304017910211
  },
  "Total" : {
    "transaction" : "Total",
    "sampleCount" : 47623,
    "errorCount" : 0,
    "errorPct" : 0.0,
    "meanResTime" : 328.11108078029906,
    "medianResTime" : 159.0,
    "minResTime" : 0.0,
    "maxResTime" : 13843.0,
    "pct1ResTime" : 1127.0,
    "pct2ResTime" : 1515.0,
    "pct3ResTime" : 2431.970000000005,
    "throughput" : 186.68072629202206,
    "receivedKBytesPerSec" : 11022.625132176485,
    "sentKBytesPerSec" : 100.2960090235257
  },
  "PROF - VNE - Test 01" : {
    "transaction" : "PROF - VNE - Test 01",
    "sampleCount" : 100,
    "errorCount" : 0,
    "errorPct" : 0.0,
    "meanResTime" : 30.940000000000005,
    "medianResTime" : 1.0,
    "minResTime" : 0.0,
    "maxResTime" : 845.0,
    "pct1ResTime" : 5.0,
    "pct2ResTime" : 252.2999999999987,
    "pct3ResTime" : 843.6199999999993,
    "throughput" : 0.7416031977929889,
    "receivedKBytesPerSec" : 0.0,
    "sentKBytesPerSec" : 0.0
  },
  "PROF - VNE - Random main action" : {
    "transaction" : "PROF - VNE - Random main action",
    "sampleCount" : 100,
    "errorCount" : 0,
    "errorPct" : 0.0,
    "meanResTime" : 21.46999999999999,
    "medianResTime" : 1.0,
    "minResTime" : 0.0,
    "maxResTime" : 322.0,
    "pct1ResTime" : 10.800000000000011,
    "pct2ResTime" : 289.79999999999995,
    "pct3ResTime" : 321.8499999999999,
    "throughput" : 0.746201832671701,
    "receivedKBytesPerSec" : 0.0,
    "sentKBytesPerSec" : 0.0
  },
  "VNE-GET-quansu" : {
    "transaction" : "VNE-GET-quansu",
    "sampleCount" : 8365,
    "errorCount" : 0,
    "errorPct" : 0.0,
    "meanResTime" : 506.9483562462654,
    "medianResTime" : 293.0,
    "minResTime" : 25.0,
    "maxResTime" : 13843.0,
    "pct1ResTime" : 1293.6000000000022,
    "pct2ResTime" : 1664.0,
    "pct3ResTime" : 2879.0200000000004,
    "throughput" : 32.96837558330181,
    "receivedKBytesPerSec" : 5497.797403709632,
    "sentKBytesPerSec" : 8.016724140861474
  }
}