{
  "VNE-GET-bongda" : {
    "transaction" : "VNE-GET-bongda",
    "sampleCount" : 12543,
    "errorCount" : 0,
    "errorPct" : 0.0,
    "meanResTime" : 473.03755082516216,
    "medianResTime" : 310.0,
    "minResTime" : 36.0,
    "maxResTime" : 22214.0,
    "pct1ResTime" : 1154.6000000000004,
    "pct2ResTime" : 1470.0,
    "pct3ResTime" : 2420.119999999999,
    "throughput" : 104.75108776442488,
    "receivedKBytesPerSec" : 3561.5648272886897,
    "sentKBytesPerSec" : 65.67402182105545
  },
  "Total" : {
    "transaction" : "Total",
    "sampleCount" : 16881,
    "errorCount" : 0,
    "errorPct" : 0.0,
    "meanResTime" : 444.27877495408995,
    "medianResTime" : 267.0,
    "minResTime" : 0.0,
    "maxResTime" : 22214.0,
    "pct1ResTime" : 1141.0,
    "pct2ResTime" : 1483.8999999999996,
    "pct3ResTime" : 2463.6200000000026,
    "throughput" : 139.454770755886,
    "receivedKBytesPerSec" : 9223.59760623193,
    "sentKBytesPerSec" : 73.27621592317224
  },
  "PROF - VNE - Test 01" : {
    "transaction" : "PROF - VNE - Test 01",
    "sampleCount" : 100,
    "errorCount" : 0,
    "errorPct" : 0.0,
    "meanResTime" : 27.189999999999994,
    "medianResTime" : 1.0,
    "minResTime" : 0.0,
    "maxResTime" : 791.0,
    "pct1ResTime" : 3.9000000000000057,
    "pct2ResTime" : 196.9999999999991,
    "pct3ResTime" : 789.5999999999992,
    "throughput" : 1.823453255775788,
    "receivedKBytesPerSec" : 0.0,
    "sentKBytesPerSec" : 0.0
  },
  "PROF - VNE - Random main action" : {
    "transaction" : "PROF - VNE - Random main action",
    "sampleCount" : 100,
    "errorCount" : 0,
    "errorPct" : 0.0,
    "meanResTime" : 23.349999999999984,
    "medianResTime" : 1.0,
    "minResTime" : 0.0,
    "maxResTime" : 336.0,
    "pct1ResTime" : 13.400000000000034,
    "pct2ResTime" : 329.84999999999997,
    "pct3ResTime" : 335.99,
    "throughput" : 1.8502414565100747,
    "receivedKBytesPerSec" : 0.0,
    "sentKBytesPerSec" : 0.0
  },
  "VNE-GET-quansu" : {
    "transaction" : "VNE-GET-quansu",
    "sampleCount" : 4138,
    "errorCount" : 0,
    "errorPct" : 0.0,
    "meanResTime" : 377.3576607056539,
    "medianResTime" : 108.0,
    "minResTime" : 24.0,
    "maxResTime" : 7878.0,
    "pct1ResTime" : 1117.1,
    "pct2ResTime" : 1559.0999999999995,
    "pct3ResTime" : 2799.229999999986,
    "throughput" : 34.97325028101996,
    "receivedKBytesPerSec" : 5832.124648196824,
    "sentKBytesPerSec" : 8.504237617162078
  }
}