{
  "LG-030-GET-applicants/email" : {
    "transaction" : "LG-030-GET-applicants/email",
    "sampleCount" : 10,
    "errorCount" : 0,
    "errorPct" : 0.0,
    "meanResTime" : 298.40000000000003,
    "medianResTime" : 288.5,
    "minResTime" : 282.0,
    "maxResTime" : 331.0,
    "pct1ResTime" : 330.6,
    "pct2ResTime" : 331.0,
    "pct3ResTime" : 331.0,
    "throughput" : 0.07622938947881967,
    "receivedKBytesPerSec" : 0.16913395790613114,
    "sentKBytesPerSec" : 0.20538758356646822
  },
  "LG-010-POST-check-lead-with-application" : {
    "transaction" : "LG-010-POST-check-lead-with-application",
    "sampleCount" : 10,
    "errorCount" : 0,
    "errorPct" : 0.0,
    "meanResTime" : 1069.8,
    "medianResTime" : 1020.0,
    "minResTime" : 992.0,
    "maxResTime" : 1226.0,
    "pct1ResTime" : 1219.8,
    "pct2ResTime" : 1226.0,
    "pct3ResTime" : 1226.0,
    "throughput" : 0.07473003773866906,
    "receivedKBytesPerSec" : 0.04006522531106378,
    "sentKBytesPerSec" : 0.058090927773418524
  },
  "LG-070-GET-payments/failed" : {
    "transaction" : "LG-070-GET-payments/failed",
    "sampleCount" : 10,
    "errorCount" : 0,
    "errorPct" : 0.0,
    "meanResTime" : 300.6,
    "medianResTime" : 294.0,
    "minResTime" : 281.0,
    "maxResTime" : 329.0,
    "pct1ResTime" : 328.0,
    "pct2ResTime" : 329.0,
    "pct3ResTime" : 329.0,
    "throughput" : 0.07625787362545183,
    "receivedKBytesPerSec" : 0.037756583914164144,
    "sentKBytesPerSec" : 0.20814527029603308
  },
  "PROF-T001-EXC-Random main action" : {
    "transaction" : "PROF-T001-EXC-Random main action",
    "sampleCount" : 10,
    "errorCount" : 0,
    "errorPct" : 0.0,
    "meanResTime" : 20.099999999999998,
    "medianResTime" : 1.0,
    "minResTime" : 0.0,
    "maxResTime" : 191.0,
    "pct1ResTime" : 172.10000000000008,
    "pct2ResTime" : 191.0,
    "pct3ResTime" : 191.0,
    "throughput" : 0.07509367936500785,
    "receivedKBytesPerSec" : 0.0,
    "sentKBytesPerSec" : 0.0
  },
  "LG-050-GET-noaa/latest/customerUUID" : {
    "transaction" : "LG-050-GET-noaa/latest/customerUUID",
    "sampleCount" : 10,
    "errorCount" : 0,
    "errorPct" : 0.0,
    "meanResTime" : 278.79999999999995,
    "medianResTime" : 269.5,
    "minResTime" : 264.0,
    "maxResTime" : 314.0,
    "pct1ResTime" : 313.0,
    "pct2ResTime" : 314.0,
    "pct3ResTime" : 314.0,
    "throughput" : 0.07623113279463332,
    "receivedKBytesPerSec" : 0.05903446123646897,
    "sentKBytesPerSec" : 0.2047967249199573
  },
  "AF-010-GET-Login" : {
    "transaction" : "AF-010-GET-Login",
    "sampleCount" : 10,
    "errorCount" : 0,
    "errorPct" : 0.0,
    "meanResTime" : 1014.1999999999999,
    "medianResTime" : 1015.5,
    "minResTime" : 947.0,
    "maxResTime" : 1151.0,
    "pct1ResTime" : 1140.9,
    "pct2ResTime" : 1151.0,
    "pct3ResTime" : 1151.0,
    "throughput" : 0.07466810029419231,
    "receivedKBytesPerSec" : 0.12756286587369145,
    "sentKBytesPerSec" : 0.054834386153547486
  },
  "AF-020-GET-maintenance/configuration" : {
    "transaction" : "AF-020-GET-maintenance/configuration",
    "sampleCount" : 10,
    "errorCount" : 0,
    "errorPct" : 0.0,
    "meanResTime" : 885.6999999999998,
    "medianResTime" : 901.5,
    "minResTime" : 837.0,
    "maxResTime" : 938.0,
    "pct1ResTime" : 935.9,
    "pct2ResTime" : 938.0,
    "pct3ResTime" : 938.0,
    "throughput" : 0.07478760320689243,
    "receivedKBytesPerSec" : 0.1279130940005385,
    "sentKBytesPerSec" : 0.06310204020581549
  },
  "JSR223 Sampler-FunctionUtils" : {
    "transaction" : "JSR223 Sampler-FunctionUtils",
    "sampleCount" : 10,
    "errorCount" : 0,
    "errorPct" : 0.0,
    "meanResTime" : 60.0,
    "medianResTime" : 1.0,
    "minResTime" : 1.0,
    "maxResTime" : 589.0,
    "pct1ResTime" : 530.4000000000002,
    "pct2ResTime" : 589.0,
    "pct3ResTime" : 589.0,
    "throughput" : 0.07474958887726117,
    "receivedKBytesPerSec" : 0.0,
    "sentKBytesPerSec" : 0.0
  },
  "TEST-01-BUSINESS-DEBUG" : {
    "transaction" : "TEST-01-BUSINESS-DEBUG",
    "sampleCount" : 10,
    "errorCount" : 0,
    "errorPct" : 0.0,
    "meanResTime" : 3.1,
    "medianResTime" : 1.0,
    "minResTime" : 0.0,
    "maxResTime" : 24.0,
    "pct1ResTime" : 21.800000000000008,
    "pct2ResTime" : 24.0,
    "pct3ResTime" : 24.0,
    "throughput" : 0.07508071176514754,
    "receivedKBytesPerSec" : 0.0,
    "sentKBytesPerSec" : 0.0
  },
  "LG-060-GET-dashboard" : {
    "transaction" : "LG-060-GET-dashboard",
    "sampleCount" : 10,
    "errorCount" : 0,
    "errorPct" : 0.0,
    "meanResTime" : 387.9,
    "medianResTime" : 392.5,
    "minResTime" : 330.0,
    "maxResTime" : 446.0,
    "pct1ResTime" : 444.7,
    "pct2ResTime" : 446.0,
    "pct3ResTime" : 446.0,
    "throughput" : 0.07618002864369076,
    "receivedKBytesPerSec" : 0.08094128043392144,
    "sentKBytesPerSec" : 0.20451064330225188
  },
  "LG-110-GET-applicants/popup/uuid" : {
    "transaction" : "LG-110-GET-applicants/popup/uuid",
    "sampleCount" : 10,
    "errorCount" : 0,
    "errorPct" : 0.0,
    "meanResTime" : 262.90000000000003,
    "medianResTime" : 253.5,
    "minResTime" : 247.0,
    "maxResTime" : 291.0,
    "pct1ResTime" : 290.5,
    "pct2ResTime" : 291.0,
    "pct3ResTime" : 291.0,
    "throughput" : 0.07631374105221385,
    "receivedKBytesPerSec" : 0.04382078099482593,
    "sentKBytesPerSec" : 0.20516770421557104
  },
  "eProtect/paypage_01" : {
    "transaction" : "eProtect/paypage_01",
    "sampleCount" : 10,
    "errorCount" : 0,
    "errorPct" : 0.0,
    "meanResTime" : 778.0999999999999,
    "medianResTime" : 533.0,
    "minResTime" : 421.0,
    "maxResTime" : 1686.0,
    "pct1ResTime" : 1658.6000000000001,
    "pct2ResTime" : 1686.0,
    "pct3ResTime" : 1686.0,
    "throughput" : 0.07339234077531669,
    "receivedKBytesPerSec" : 0.033399248829392165,
    "sentKBytesPerSec" : 0.09059367064453154
  },
  "LG-040-GET-maintenance/configuration" : {
    "transaction" : "LG-040-GET-maintenance/configuration",
    "sampleCount" : 10,
    "errorCount" : 0,
    "errorPct" : 0.0,
    "meanResTime" : 264.4,
    "medianResTime" : 256.5,
    "minResTime" : 248.0,
    "maxResTime" : 294.0,
    "pct1ResTime" : 293.3,
    "pct2ResTime" : 294.0,
    "pct3ResTime" : 294.0,
    "throughput" : 0.07623868808465543,
    "receivedKBytesPerSec" : 0.04191638807779396,
    "sentKBytesPerSec" : 0.20340243735085806
  },
  "LG-080-GET-summary?emailEncrypted" : {
    "transaction" : "LG-080-GET-summary?emailEncrypted",
    "sampleCount" : 10,
    "errorCount" : 0,
    "errorPct" : 0.0,
    "meanResTime" : 316.40000000000003,
    "medianResTime" : 308.5,
    "minResTime" : 295.0,
    "maxResTime" : 348.0,
    "pct1ResTime" : 347.6,
    "pct2ResTime" : 348.0,
    "pct3ResTime" : 348.0,
    "throughput" : 0.07626485258003995,
    "receivedKBytesPerSec" : 0.06159280574579399,
    "sentKBytesPerSec" : 0.2064513392108113
  },
  "LG-130-GET-customers/popup/customerId" : {
    "transaction" : "LG-130-GET-customers/popup/customerId",
    "sampleCount" : 10,
    "errorCount" : 0,
    "errorPct" : 0.0,
    "meanResTime" : 268.40000000000003,
    "medianResTime" : 260.5,
    "minResTime" : 253.0,
    "maxResTime" : 297.0,
    "pct1ResTime" : 296.4,
    "pct2ResTime" : 297.0,
    "pct3ResTime" : 297.0,
    "throughput" : 0.07640703555983434,
    "receivedKBytesPerSec" : 0.04917210589251059,
    "sentKBytesPerSec" : 0.2027323394688183
  },
  "Total" : {
    "transaction" : "Total",
    "sampleCount" : 190,
    "errorCount" : 0,
    "errorPct" : 0.0,
    "meanResTime" : 402.4473684210527,
    "medianResTime" : 294.0,
    "minResTime" : 0.0,
    "maxResTime" : 1686.0,
    "pct1ResTime" : 990.1000000000001,
    "pct2ResTime" : 1043.3999999999999,
    "pct3ResTime" : 1436.660000000001,
    "throughput" : 1.2910327582575136,
    "receivedKBytesPerSec" : 1.362286406274419,
    "sentKBytesPerSec" : 2.314648677710659
  },
  "LG-020-POST-auth/oauth/token" : {
    "transaction" : "LG-020-POST-auth/oauth/token",
    "sampleCount" : 10,