{
  "VNE-GET-bongda" : {
    "transaction" : "VNE-GET-bongda",
    "sampleCount" : 13302,
    "errorCount" : 0,
    "errorPct" : 0.0,
    "meanResTime" : 539.2557510148855,
    "medianResTime" : 391.0,
    "minResTime" : 41.0,
    "maxResTime" : 22418.0,
    "pct1ResTime" : 1264.0,
    "pct2ResTime" : 1580.8499999999985,
    "pct3ResTime" : 2411.669999999993,
    "throughput" : 111.13710418581336,
    "receivedKBytesPerSec" : 3778.818148054349,
    "sentKBytesPerSec" : 69.67775477274627
  },
  "Total" : {
    "transaction" : "Total",
    "sampleCount" : 14971,
    "errorCount" : 0,
    "errorPct" : 0.0,
    "meanResTime" : 500.42321822189786,
    "medianResTime" : 358.0,
    "minResTime" : 0.0,
    "maxResTime" : 22418.0,
    "pct1ResTime" : 1222.0,
    "pct2ResTime" : 1535.3999999999996,
    "pct3ResTime" : 2353.0,
    "throughput" : 123.68740653838846,
    "receivedKBytesPerSec" : 5760.572949692351,
    "sentKBytesPerSec" : 71.85236557276993
  },
  "PROF - VNE - Test 02" : {
    "transaction" : "PROF - VNE - Test 02",
    "sampleCount" : 100,
    "errorCount" : 0,
    "errorPct" : 0.0,
    "meanResTime" : 30.10000000000001,
    "medianResTime" : 1.0,
    "minResTime" : 0.0,
    "maxResTime" : 833.0,
    "pct1ResTime" : 2.9000000000000057,
    "pct2ResTime" : 236.84999999999883,
    "pct3ResTime" : 831.5799999999992,
    "throughput" : 1.823420006564312,
    "receivedKBytesPerSec" : 0.0,
    "sentKBytesPerSec" : 0.0
  },
  "PROF - VNE - Random main action" : {
    "transaction" : "PROF - VNE - Random main action",
    "sampleCount" : 100,
    "errorCount" : 0,
    "errorPct" : 0.0,
    "meanResTime" : 21.91,
    "medianResTime" : 1.0,
    "minResTime" : 0.0,
    "maxResTime" : 319.0,
    "pct1ResTime" : 6.800000000000011,
    "pct2ResTime" : 304.95,
    "pct3ResTime" : 319.0,
    "throughput" : 1.8515775440675457,
    "receivedKBytesPerSec" : 0.0,
    "sentKBytesPerSec" : 0.0
  },
  "VNE-GET-quansu" : {
    "transaction" : "VNE-GET-quansu",
    "sampleCount" : 1469,
    "errorCount" : 0,
    "errorPct" : 0.0,
    "meanResTime" : 213.37985023825738,
    "medianResTime" : 91.0,
    "minResTime" : 24.0,
    "maxResTime" : 2928.0,
    "pct1ResTime" : 567.0,
    "pct2ResTime" : 845.5,
    "pct3ResTime" : 1545.3999999999996,
    "throughput" : 12.440507443979609,
    "receivedKBytesPerSec" : 2074.5519648819254,
    "sentKBytesPerSec" : 3.0250843296395726
  }
}