{
  "VNE-GET-Home" : {
    "transaction" : "VNE-GET-Home",
    "sampleCount" : 12662,
    "errorCount" : 0,
    "errorPct" : 0.0,
    "meanResTime" : 319.1364713315432,
    "medianResTime" : 235.0,
    "minResTime" : 43.0,
    "maxResTime" : 6300.0,
    "pct1ResTime" : 554.0,
    "pct2ResTime" : 901.0,
    "pct3ResTime" : 1740.739999999998,
    "throughput" : 106.25870663466542,
    "receivedKBytesPerSec" : 4117.813133656808,
    "sentKBytesPerSec" : 61.63835130956177
  },
  "VNE-GET-bongda" : {
    "transaction" : "VNE-GET-bongda",
    "sampleCount" : 12587,
    "errorCount" : 0,
    "errorPct" : 0.0,
    "meanResTime" : 124.30849288948941,
    "medianResTime" : 96.0,
    "minResTime" : 17.0,
    "maxResTime" : 8293.0,
    "pct1ResTime" : 209.0,
    "pct2ResTime" : 315.59999999999854,
    "pct3ResTime" : 627.0,
    "throughput" : 107.41960811087594,
    "receivedKBytesPerSec" : 3644.490896039931,
    "sentKBytesPerSec" : 67.4519609524348
  },
  "Total" : {
    "transaction" : "Total",
    "sampleCount" : 39456,
    "errorCount" : 0,
    "errorPct" : 0.0,
    "meanResTime" : 189.0756792376323,
    "medianResTime" : 120.0,
    "minResTime" : 0.0,
    "maxResTime" : 8293.0,
    "pct1ResTime" : 372.0,
    "pct2ResTime" : 523.0,
    "pct3ResTime" : 1166.9900000000016,
    "throughput" : 325.9991241913229,
    "receivedKBytesPerSec" : 11890.135036426618,
    "sentKBytesPerSec" : 194.57855515838915
  },
  "PROF - VNE - Test 02" : {
    "transaction" : "PROF - VNE - Test 02",
    "sampleCount" : 100,
    "errorCount" : 0,
    "errorPct" : 0.0,
    "meanResTime" : 59.34999999999999,
    "medianResTime" : 1.0,
    "minResTime" : 0.0,
    "maxResTime" : 1191.0,
    "pct1ResTime" : 134.8000000000008,
    "pct2ResTime" : 590.4499999999982,
    "pct3ResTime" : 1189.5199999999993,
    "throughput" : 1.8234865061998542,
    "receivedKBytesPerSec" : 0.0,
    "sentKBytesPerSec" : 0.0
  },
  "PROF - VNE - Random main action" : {
    "transaction" : "PROF - VNE - Random main action",
    "sampleCount" : 100,
    "errorCount" : 0,
    "errorPct" : 0.0,
    "meanResTime" : 40.36,
    "medianResTime" : 1.0,
    "minResTime" : 0.0,
    "maxResTime" : 446.0,
    "pct1ResTime" : 119.70000000000002,
    "pct2ResTime" : 437.9,
    "pct3ResTime" : 445.99,
    "throughput" : 1.8639676415217432,
    "receivedKBytesPerSec" : 0.0,
    "sentKBytesPerSec" : 0.0
  },
  "VNE-GET-thethao" : {
    "transaction" : "VNE-GET-thethao",
    "sampleCount" : 12612,
    "errorCount" : 0,
    "errorPct" : 0.0,
    "meanResTime" : 134.3987472248661,
    "medianResTime" : 102.0,
    "minResTime" : 18.0,
    "maxResTime" : 3272.0,
    "pct1ResTime" : 227.0,
    "pct2ResTime" : 364.0,
    "pct3ResTime" : 800.869999999999,
    "throughput" : 107.44315616401012,
    "receivedKBytesPerSec" : 4043.2223768827257,
    "sentKBytesPerSec" : 63.164824229232515
  },
  "VNE-GET-quansu" : {
    "transaction" : "VNE-GET-quansu",
    "sampleCount" : 1395,
    "errorCount" : 0,
    "errorPct" : 0.0,
    "meanResTime" : 107.2293906810035,
    "medianResTime" : 81.0,
    "minResTime" : 22.0,
    "maxResTime" : 3531.0,
    "pct1ResTime" : 185.20000000000027,
    "pct2ResTime" : 276.20000000000005,
    "pct3ResTime" : 507.03999999999996,
    "throughput" : 11.92226172569397,
    "receivedKBytesPerSec" : 399.4226673469977,
    "sentKBytesPerSec" : 7.579484749440209
  }
}