{
  "VNE-GET-bongda" : {
    "transaction" : "VNE-GET-bongda",
    "sampleCount" : 9324,
    "errorCount" : 0,
    "errorPct" : 0.0,
    "meanResTime" : 537.4545259545298,
    "medianResTime" : 343.0,
    "minResTime" : 42.0,
    "maxResTime" : 14349.0,
    "pct1ResTime" : 1272.5,
    "pct2ResTime" : 1599.75,
    "pct3ResTime" : 2755.25,
    "throughput" : 77.9559553868535,
    "receivedKBytesPerSec" : 2650.3388109971493,
    "sentKBytesPerSec" : 48.87472984214839
  },
  "Total" : {
    "transaction" : "Total",
    "sampleCount" : 13511,
    "errorCount" : 0,
    "errorPct" : 0.0,
    "meanResTime" : 556.0518096365962,
    "medianResTime" : 344.0,
    "minResTime" : 0.0,
    "maxResTime" : 14349.0,
    "pct1ResTime" : 1344.800000000001,
    "pct2ResTime" : 1738.3999999999996,
    "pct3ResTime" : 2912.7599999999984,
    "throughput" : 111.61595717436741,
    "receivedKBytesPerSec" : 8111.2607855987035,
    "sentKBytesPerSec" : 56.301217314372686
  },
  "PROF - VNE - Test 01" : {
    "transaction" : "PROF - VNE - Test 01",
    "sampleCount" : 100,
    "errorCount" : 0,
    "errorPct" : 0.0,
    "meanResTime" : 38.00000000000002,
    "medianResTime" : 1.0,
    "minResTime" : 0.0,
    "maxResTime" : 961.0,
    "pct1ResTime" : 4.900000000000006,
    "pct2ResTime" : 366.4999999999983,
    "pct3ResTime" : 959.6399999999993,
    "throughput" : 1.823453255775788,
    "receivedKBytesPerSec" : 0.0,
    "sentKBytesPerSec" : 0.0
  },
  "PROF - VNE - Random main action" : {
    "transaction" : "PROF - VNE - Random main action",
    "sampleCount" : 100,
    "errorCount" : 0,
    "errorPct" : 0.0,
    "meanResTime" : 21.88999999999999,
    "medianResTime" : 1.0,
    "minResTime" : 0.0,
    "maxResTime" : 287.0,
    "pct1ResTime" : 7.900000000000006,
    "pct2ResTime" : 269.9,
    "pct3ResTime" : 286.96999999999997,
    "throughput" : 1.855838467819761,
    "receivedKBytesPerSec" : 0.0,
    "sentKBytesPerSec" : 0.0
  },
  "VNE-GET-quansu" : {
    "transaction" : "VNE-GET-quansu",
    "sampleCount" : 3987,
    "errorCount" : 0,
    "errorPct" : 0.0,
    "meanResTime" : 625.9345372460491,
    "medianResTime" : 375.0,
    "minResTime" : 23.0,
    "maxResTime" : 10763.0,
    "pct1ResTime" : 1514.0,
    "pct2ResTime" : 2033.0,
    "pct3ResTime" : 3400.8399999999992,
    "throughput" : 33.335005518210096,
    "receivedKBytesPerSec" : 5558.87414307057,
    "sentKBytesPerSec" : 8.105875365267885
  }
}