{
  "TEST-01-BUSINESS-FIRST" : {
    "transaction" : "TEST-01-BUSINESS-FIRST",
    "sampleCount" : 10,
    "errorCount" : 0,
    "errorPct" : 0.0,
    "meanResTime" : 2.9000000000000004,
    "medianResTime" : 1.0,
    "minResTime" : 0.0,
    "maxResTime" : 19.0,
    "pct1ResTime" : 17.400000000000006,
    "pct2ResTime" : 19.0,
    "pct3ResTime" : 19.0,
    "throughput" : 0.1968930280178779,
    "receivedKBytesPerSec" : 0.0,
    "sentKBytesPerSec" : 0.0
  },
  "Total" : {
    "transaction" : "Total",
    "sampleCount" : 40,
    "errorCount" : 0,
    "errorPct" : 0.0,
    "meanResTime" : 228.60000000000002,
    "medianResTime" : 1.0,
    "minResTime" : 0.0,
    "maxResTime" : 2361.0,
    "pct1ResTime" : 708.7999999999998,
    "pct2ResTime" : 1238.2999999999984,
    "pct3ResTime" : 2361.0,
    "throughput" : 0.7350644100189279,
    "receivedKBytesPerSec" : 0.08434576970432034,
    "sentKBytesPerSec" : 0.22881033270852857
  },
  "PROF-T001-EXC-Random main action" : {
    "transaction" : "PROF-T001-EXC-Random main action",
    "sampleCount" : 10,
    "errorCount" : 0,
    "errorPct" : 0.0,
    "meanResTime" : 10.8,
    "medianResTime" : 1.0,
    "minResTime" : 0.0,
    "maxResTime" : 98.0,
    "pct1ResTime" : 88.60000000000004,
    "pct2ResTime" : 98.0,
    "pct3ResTime" : 98.0,
    "throughput" : 0.1969628331133915,
    "receivedKBytesPerSec" : 0.0,
    "sentKBytesPerSec" : 0.0
  },
  "HTTP Request" : {
    "transaction" : "HTTP Request",
    "sampleCount" : 10,
    "errorCount" : 0,
    "errorPct" : 0.0,
    "meanResTime" : 773.5,
    "medianResTime" : 555.0,
    "minResTime" : 485.0,
    "maxResTime" : 2361.0,
    "pct1ResTime" : 2209.4000000000005,
    "pct2ResTime" : 2361.0,
    "pct3ResTime" : 2361.0,
    "throughput" : 0.18377961148990132,
    "receivedKBytesPerSec" : 0.08435197011743517,
    "sentKBytesPerSec" : 0.22882715297814862
  },
  "JSR223 Sampler-FunctionUtils" : {
    "transaction" : "JSR223 Sampler-FunctionUtils",
    "sampleCount" : 10,
    "errorCount" : 0,
    "errorPct" : 0.0,
    "meanResTime" : 127.2,
    "medianResTime" : 1.0,
    "minResTime" : 0.0,
    "maxResTime" : 1259.0,
    "pct1ResTime" : 1133.5000000000005,
    "pct2ResTime" : 1259.0,
    "pct3ResTime" : 1259.0,
    "throughput" : 0.19213403270121238,
    "receivedKBytesPerSec" : 0.0,
    "sentKBytesPerSec" : 0.0
  }
}