{
  "VNE-GET-bongda" : {
    "transaction" : "VNE-GET-bongda",
    "sampleCount" : 8281,
    "errorCount" : 4,
    "errorPct" : 0.048303343,
    "meanResTime" : 592.3703658978366,
    "medianResTime" : 322.0,
    "minResTime" : 45.0,
    "maxResTime" : 22379.0,
    "pct1ResTime" : 1370.0,
    "pct2ResTime" : 1826.8999999999996,
    "pct3ResTime" : 3955.1400000000067,
    "throughput" : 69.14200788190502,
    "receivedKBytesPerSec" : 2349.7315023889937,
    "sentKBytesPerSec" : 43.32785899092412
  },
  "Total" : {
    "transaction" : "Total",
    "sampleCount" : 12017,
    "errorCount" : 4,
    "errorPct" : 0.033286177,
    "meanResTime" : 624.1626861945573,
    "medianResTime" : 334.0,
    "minResTime" : 0.0,
    "maxResTime" : 22379.0,
    "pct1ResTime" : 1466.2000000000007,
    "pct2ResTime" : 2027.4000000000015,
    "pct3ResTime" : 4062.459999999999,
    "throughput" : 99.12399366503894,
    "receivedKBytesPerSec" : 7185.267435964721,
    "sentKBytesPerSec" : 49.897049793990035
  },
  "PROF - VNE - Test 01" : {
    "transaction" : "PROF - VNE - Test 01",
    "sampleCount" : 100,
    "errorCount" : 0,
    "errorPct" : 0.0,
    "meanResTime" : 28.07999999999998,
    "medianResTime" : 1.0,
    "minResTime" : 0.0,
    "maxResTime" : 806.0,
    "pct1ResTime" : 2.0,
    "pct2ResTime" : 209.99999999999886,
    "pct3ResTime" : 804.5899999999992,
    "throughput" : 1.823453255775788,
    "receivedKBytesPerSec" : 0.0,
    "sentKBytesPerSec" : 0.0
  },
  "PROF - VNE - Random main action" : {
    "transaction" : "PROF - VNE - Random main action",
    "sampleCount" : 100,
    "errorCount" : 0,
    "errorPct" : 0.0,
    "meanResTime" : 20.409999999999997,
    "medianResTime" : 1.0,
    "minResTime" : 0.0,
    "maxResTime" : 301.0,
    "pct1ResTime" : 4.900000000000006,
    "pct2ResTime" : 295.9,
    "pct3ResTime" : 300.99,
    "throughput" : 1.850686604730355,
    "receivedKBytesPerSec" : 0.0,
    "sentKBytesPerSec" : 0.0
  },
  "VNE-GET-quansu" : {
    "transaction" : "VNE-GET-quansu",
    "sampleCount" : 3536,
    "errorCount" : 0,
    "errorPct" : 0.0,
    "meanResTime" : 732.5494909502278,
    "medianResTime" : 406.0,
    "minResTime" : 27.0,
    "maxResTime" : 16756.0,
    "pct1ResTime" : 1784.0,
    "pct2ResTime" : 2433.5999999999985,
    "pct3ResTime" : 4297.940000000004,
    "throughput" : 29.483373911883398,
    "receivedKBytesPerSec" : 4916.633585854901,
    "sentKBytesPerSec" : 7.1692969766200845
  }
}