{
  "VNE-GET-bongda" : {
    "transaction" : "VNE-GET-bongda",
    "sampleCount" : 10347,
    "errorCount" : 0,
    "errorPct" : 0.0,
    "meanResTime" : 465.19164975355045,
    "medianResTime" : 313.0,
    "minResTime" : 42.0,
    "maxResTime" : 7216.0,
    "pct1ResTime" : 1112.0,
    "pct2ResTime" : 1450.0,
    "pct3ResTime" : 2403.5200000000004,
    "throughput" : 86.4216091608409,
    "receivedKBytesPerSec" : 2938.2689694575993,
    "sentKBytesPerSec" : 54.182297930917834
  },
  "Total" : {
    "transaction" : "Total",
    "sampleCount" : 14978,
    "errorCount" : 0,
    "errorPct" : 0.0,
    "meanResTime" : 500.4017225263688,
    "medianResTime" : 318.0,
    "minResTime" : 0.0,
    "maxResTime" : 18044.0,
    "pct1ResTime" : 1188.1000000000004,
    "pct2ResTime" : 1615.0,
    "pct3ResTime" : 2707.8399999999965,
    "throughput" : 123.74012755692145,
    "receivedKBytesPerSec" : 9010.72515630938,
    "sentKBytesPerSec" : 62.494166958399425
  },
  "PROF - VNE - Test 01" : {
    "transaction" : "PROF - VNE - Test 01",
    "sampleCount" : 100,
    "errorCount" : 0,
    "errorPct" : 0.0,
    "meanResTime" : 28.83,
    "medianResTime" : 1.0,
    "minResTime" : 0.0,
    "maxResTime" : 804.0,
    "pct1ResTime" : 7.0,
    "pct2ResTime" : 206.9499999999993,
    "pct3ResTime" : 802.5599999999993,
    "throughput" : 1.823420006564312,
    "receivedKBytesPerSec" : 0.0,
    "sentKBytesPerSec" : 0.0
  },
  "PROF - VNE - Random main action" : {
    "transaction" : "PROF - VNE - Random main action",
    "sampleCount" : 100,
    "errorCount" : 0,
    "errorPct" : 0.0,
    "meanResTime" : 24.549999999999994,
    "medianResTime" : 1.0,
    "minResTime" : 0.0,
    "maxResTime" : 358.0,
    "pct1ResTime" : 9.600000000000023,
    "pct2ResTime" : 344.95,
    "pct3ResTime" : 358.0,
    "throughput" : 1.8506181064475535,
    "receivedKBytesPerSec" : 0.0,
    "sentKBytesPerSec" : 0.0
  },
  "VNE-GET-quansu" : {
    "transaction" : "VNE-GET-quansu",
    "sampleCount" : 4431,
    "errorCount" : 0,
    "errorPct" : 0.0,
    "meanResTime" : 604.0038366057331,
    "medianResTime" : 355.0,
    "minResTime" : 25.0,
    "maxResTime" : 18044.0,
    "pct1ResTime" : 1455.6000000000004,
    "pct2ResTime" : 1949.3999999999996,
    "pct3ResTime" : 3302.7600000000093,
    "throughput" : 37.01537921758961,
    "receivedKBytesPerSec" : 6172.605502719662,
    "sentKBytesPerSec" : 9.000809985527162
  }
}